spectrum_id,true_weight
1,0.050299392652316234
2,0.13859924841110677
3,0.8111013589365771
